Gene,SNP,Scaffold,Allele,Feature,Feature_type,Consequence,cDNA_position,CDS_position,Protein_position,Amino_acids,Codons,V2,V3,V4
Thupl.28135302s0001,28135302_625,28135302,A,Thupl.28135302s0001.1,Transcript,intron_variant,NA,NA,NA,NA,NA,GO:0003824,GO,catalytic activity
Thupl.28135302s0001,28135302_625,28135302,A,Thupl.28135302s0001.1,Transcript,intron_variant,NA,NA,NA,NA,NA,GO:0008152,GO,metabolic process
Thupl.28192406s0001,28192406_274,28192406,C,Thupl.28192406s0001.1,Transcript,downstream_gene_variant,NA,NA,NA,NA,NA,GO:0005515,GO,protein binding
Thupl.28610758s0001,28610758_7365,28610758,G,Thupl.28610758s0001.1,Transcript,upstream_gene_variant,NA,NA,NA,NA,NA,GO:0020037,GO,heme binding
Thupl.28610758s0001,28610758_7365,28610758,G,Thupl.28610758s0001.1,Transcript,upstream_gene_variant,NA,NA,NA,NA,NA,GO:0005506,GO,iron ion binding
Thupl.28610758s0001,28610758_7365,28610758,G,Thupl.28610758s0001.1,Transcript,upstream_gene_variant,NA,NA,NA,NA,NA,GO:0055114,GO,oxidation-reduction process
Thupl.28610758s0001,28610758_7365,28610758,G,Thupl.28610758s0001.1,Transcript,upstream_gene_variant,NA,NA,NA,NA,NA,GO:0016705,GO,"oxidoreductase activity, acting on paired donors, with incorporation or reduction of molecular oxygen"
Thupl.29004223s0001,29004223_2844,29004223,A,Thupl.29004223s0001.1,Transcript,downstream_gene_variant,NA,NA,NA,NA,NA,GO:0020037,GO,heme binding
Thupl.29004223s0001,29004223_2844,29004223,A,Thupl.29004223s0001.1,Transcript,downstream_gene_variant,NA,NA,NA,NA,NA,GO:0005506,GO,iron ion binding
Thupl.29004223s0001,29004223_2844,29004223,A,Thupl.29004223s0001.1,Transcript,downstream_gene_variant,NA,NA,NA,NA,NA,GO:0055114,GO,oxidation-reduction process
Thupl.29004223s0001,29004223_2844,29004223,A,Thupl.29004223s0001.1,Transcript,downstream_gene_variant,NA,NA,NA,NA,NA,GO:0016705,GO,"oxidoreductase activity, acting on paired donors, with incorporation or reduction of molecular oxygen"
Thupl.29183901s0001,29183901_2169,29183901,G,Thupl.29183901s0001.1,Transcript,upstream_gene_variant,NA,NA,NA,NA,NA,GO:0004190,GO,aspartic-type endopeptidase activity
Thupl.29183901s0001,29183901_2169,29183901,G,Thupl.29183901s0001.1,Transcript,upstream_gene_variant,NA,NA,NA,NA,NA,GO:0006508,GO,proteolysis
Thupl.29185024s0001,29185024_4020,29185024,A,Thupl.29185024s0001.1,Transcript,downstream_gene_variant,NA,NA,NA,NA,NA,GO:0006508,GO,proteolysis
Thupl.29185024s0001,29185024_4020,29185024,A,Thupl.29185024s0001.1,Transcript,downstream_gene_variant,NA,NA,NA,NA,NA,GO:0004252,GO,serine-type endopeptidase activity
Thupl.29188197s0001,29188197_1252,29188197,T,Thupl.29188197s0001.1,Transcript,stop_gained,943,133,45,E/*,Gaa/Taa,GO:0005975,GO,carbohydrate metabolic process
Thupl.29188197s0001,29188197_1252,29188197,T,Thupl.29188197s0001.1,Transcript,stop_gained,943,133,45,E/*,Gaa/Taa,GO:0004553,GO,"hydrolase activity, hydrolyzing O-glycosyl compounds"
Thupl.29211262s0001,29211262_7040,29211262,C,Thupl.29211262s0001.1,Transcript,5_prime_UTR_variant,507,NA,NA,NA,NA,GO:0042256,GO,mature ribosome assembly
Thupl.29211262s0001,29211262_7040,29211262,C,Thupl.29211262s0001.1,Transcript,5_prime_UTR_variant,507,NA,NA,NA,NA,GO:0043022,GO,ribosome binding
Thupl.29296098s0001,29296098_1287,29296098,T,Thupl.29296098s0001.1,Transcript,missense_variant,1287,892,298,D/Y,Gat/Tat,GO:0005524,GO,ATP binding
Thupl.29296098s0001,29296098_1287,29296098,T,Thupl.29296098s0001.1,Transcript,missense_variant,1287,892,298,D/Y,Gat/Tat,GO:0004672,GO,protein kinase activity
Thupl.29296098s0001,29296098_1287,29296098,T,Thupl.29296098s0001.1,Transcript,missense_variant,1287,892,298,D/Y,Gat/Tat,GO:0006468,GO,protein phosphorylation
Thupl.29341002s0001,29341002_8562,29341002,A,Thupl.29341002s0001.7,Transcript,5_prime_UTR_variant,112,NA,NA,NA,NA,GO:0005524,GO,ATP binding
Thupl.29341002s0001,29341002_8562,29341002,A,Thupl.29341002s0001.7,Transcript,5_prime_UTR_variant,112,NA,NA,NA,NA,GO:0030246,GO,carbohydrate binding
Thupl.29341002s0001,29341002_8562,29341002,A,Thupl.29341002s0001.7,Transcript,5_prime_UTR_variant,112,NA,NA,NA,NA,GO:0004672,GO,protein kinase activity
Thupl.29341002s0001,29341002_8562,29341002,A,Thupl.29341002s0001.7,Transcript,5_prime_UTR_variant,112,NA,NA,NA,NA,GO:0006468,GO,protein phosphorylation
Thupl.29347238s0001,29347238_51064,29347238,G,Thupl.29347238s0001.1,Transcript,synonymous_variant,2040,1797,599,Q,caA/caG,GO:0005778,GO,peroxisomal membrane
Thupl.29347238s0001,29347238_51064,29347238,G,Thupl.29347238s0001.1,Transcript,synonymous_variant,2040,1797,599,Q,caA/caG,GO:0005515,GO,protein binding
Thupl.29347238s0001,29347238_51064,29347238,G,Thupl.29347238s0001.1,Transcript,synonymous_variant,2040,1797,599,Q,caA/caG,GO:0016560,GO,"protein import into peroxisome matrix, docking"
Thupl.29353611s0001,29353611_135654,29353611,T,Thupl.29353611s0001.1,Transcript,3_prime_UTR_variant,1233,NA,NA,NA,NA,GO:0055114,GO,oxidation-reduction process
Thupl.29353611s0001,29353611_135654,29353611,T,Thupl.29353611s0001.1,Transcript,3_prime_UTR_variant,1233,NA,NA,NA,NA,GO:0016972,GO,thiol oxidase activity
Thupl.29365110s0001,29365110_81765,29365110,A,Thupl.29365110s0001.1,Transcript,synonymous_variant,1578,177,59,S,tcC/tcT,GO:0004672,GO,protein kinase activity
Thupl.29365110s0001,29365110_81765,29365110,A,Thupl.29365110s0001.1,Transcript,synonymous_variant,1578,177,59,S,tcC/tcT,GO:0006468,GO,protein phosphorylation
Thupl.29374829s0001,29374829_11624,29374829,T,Thupl.29374829s0001.1,Transcript,downstream_gene_variant,NA,NA,NA,NA,NA,GO:0005783,GO,endoplasmic reticulum
Thupl.29374829s0001,29374829_11624,29374829,T,Thupl.29374829s0001.1,Transcript,downstream_gene_variant,NA,NA,NA,NA,NA,GO:0055114,GO,oxidation-reduction process
Thupl.29374829s0001,29374829_11624,29374829,T,Thupl.29374829s0001.1,Transcript,downstream_gene_variant,NA,NA,NA,NA,NA,GO:0016671,GO,"oxidoreductase activity, acting on a sulfur group of donors, disulfide as acceptor"
Thupl.29374829s0001,29374829_11624,29374829,T,Thupl.29374829s0001.1,Transcript,downstream_gene_variant,NA,NA,NA,NA,NA,GO:0003756,GO,protein disulfide isomerase activity
Thupl.29377006s0002,29377006_639591,29377006,T,Thupl.29377006s0002.1,Transcript,3_prime_UTR_variant,1690,NA,NA,NA,NA,GO:0031072,GO,heat shock protein binding
Thupl.29377006s0002,29377006_639591,29377006,T,Thupl.29377006s0002.1,Transcript,3_prime_UTR_variant,1690,NA,NA,NA,NA,GO:0051082,GO,unfolded protein binding
Thupl.29377051s0004,29377051_959991,29377051,T,Thupl.29377051s0004.1,Transcript,5_prime_UTR_variant,187,NA,NA,NA,NA,GO:0006486,GO,protein glycosylation
Thupl.29377051s0004,29377051_959991,29377051,T,Thupl.29377051s0004.1,Transcript,5_prime_UTR_variant,187,NA,NA,NA,NA,GO:0016757,GO,"transferase activity, transferring glycosyl groups"
Thupl.29377152s0002,29377152_229813,29377152,A,Thupl.29377152s0002.1,Transcript,synonymous_variant,1651,1335,445,S,tcC/tcT,GO:0003824,GO,catalytic activity
Thupl.29377152s0002,29377152_229813,29377152,A,Thupl.29377152s0002.1,Transcript,synonymous_variant,1651,1335,445,S,tcC/tcT,GO:0006470,GO,protein dephosphorylation
Thupl.29377152s0002,29377152_229813,29377152,A,Thupl.29377152s0002.1,Transcript,synonymous_variant,1651,1335,445,S,tcC/tcT,GO:0004722,GO,protein serine/threonine phosphatase activity
Thupl.29377172s0006,29377172_2065020,29377172,T,Thupl.29377172s0006.1,Transcript,missense_variant,251,251,84,P/L,cCt/cTt,GO:0004672,GO,protein kinase activity
Thupl.29377172s0006,29377172_2065020,29377172,T,Thupl.29377172s0006.1,Transcript,missense_variant,251,251,84,P/L,cCt/cTt,GO:0006468,GO,protein phosphorylation
Thupl.29377225s0018,29377225_2857463,29377225,A,Thupl.29377225s0018.1,Transcript,synonymous_variant,1521,1281,427,G,ggC/ggT,GO:0005524,GO,ATP binding
Thupl.29377225s0018,29377225_2857463,29377225,A,Thupl.29377225s0018.1,Transcript,synonymous_variant,1521,1281,427,G,ggC/ggT,GO:0016020,GO,membrane
Thupl.29377225s0018,29377225_2857463,29377225,A,Thupl.29377225s0018.1,Transcript,synonymous_variant,1521,1281,427,G,ggC/ggT,GO:0017038,GO,protein import
Thupl.29377249s0034,29377249_5652942,29377249,G,Thupl.29377249s0034.1,Transcript,synonymous_variant,288,102,34,T,acA/acG,GO:0008152,GO,metabolic process
Thupl.29377249s0034,29377249_5652942,29377249,G,Thupl.29377249s0034.1,Transcript,synonymous_variant,288,102,34,T,acA/acG,GO:0016758,GO,"transferase activity, transferring hexosyl groups"
Thupl.29377260s0007,29377260_1429609,29377260,T,Thupl.29377260s0007.1,Transcript,missense_variant,435,229,77,E/K,Gag/Aag,GO:0003676,GO,nucleic acid binding
Thupl.29377287s0010,29377287_1766530,29377287,T,Thupl.29377287s0010.1,Transcript,stop_lost,2670,1661,554,*/L,tAg/tTg,GO:0003723,GO,RNA binding
Thupl.29377337s0011,29377337_1664871,29377337,A,Thupl.29377337s0011.1,Transcript,synonymous_variant,980,63,21,D,gaC/gaT,GO:0005515,GO,protein binding
Thupl.29377376s0015,29377376_3214724,29377376,G,Thupl.29377376s0015.1,Transcript,missense_variant,1172,907,303,I/V,Atc/Gtc,GO:0000049,GO,tRNA binding
Thupl.29377376s0015,29377376_3214724,29377376,G,Thupl.29377376s0015.1,Transcript,missense_variant,1172,907,303,I/V,Atc/Gtc,GO:0034227,GO,tRNA thio-modification
Thupl.29377376s0015,29377376_3214724,29377376,G,Thupl.29377376s0015.1,Transcript,missense_variant,1172,907,303,I/V,Atc/Gtc,GO:0002098,GO,tRNA wobble uridine modification
Thupl.29377438s0003,29377438_1245590,29377438,G,Thupl.29377438s0003.1,Transcript,3_prime_UTR_variant,4016,NA,NA,NA,NA,GO:0003677,GO,DNA binding
Thupl.29377438s0003,29377438_1245590,29377438,G,Thupl.29377438s0003.1,Transcript,3_prime_UTR_variant,4016,NA,NA,NA,NA,GO:0005634,GO,nucleus
Thupl.29377438s0003,29377438_1245590,29377438,G,Thupl.29377438s0003.1,Transcript,3_prime_UTR_variant,4016,NA,NA,NA,NA,GO:0006355,GO,"regulation of transcription, DNA-dependent"
Thupl.29377438s0003,29377438_1245590,29377438,G,Thupl.29377438s0003.1,Transcript,3_prime_UTR_variant,4016,NA,NA,NA,NA,GO:0009725,GO,response to hormone stimulus
Thupl.29377464s0001,29377464_528856,29377464,T,Thupl.29377464s0001.1,Transcript,splice_region_variant,1358,741,247,Q,caG/caA,GO:0005515,GO,protein binding
Thupl.29377544s0009,29377544_1056624,29377544,T,Thupl.29377544s0009.1,Transcript,intron_variant,NA,NA,NA,NA,NA,GO:0016021,GO,integral to membrane
Thupl.29377547s0004,29377547_1155157,29377547,A,Thupl.29377547s0004.1,Transcript,upstream_gene_variant,NA,NA,NA,NA,NA,GO:0015991,GO,ATP hydrolysis coupled proton transport
Thupl.29377547s0004,29377547_1155157,29377547,A,Thupl.29377547s0004.1,Transcript,upstream_gene_variant,NA,NA,NA,NA,NA,GO:0015078,GO,hydrogen ion transmembrane transporter activity
Thupl.29377547s0004,29377547_1155157,29377547,A,Thupl.29377547s0004.1,Transcript,upstream_gene_variant,NA,NA,NA,NA,NA,GO:0033180,GO,"proton-transporting V-type ATPase, V1 domain"
Thupl.29377598s0001,29377598_12738,29377598,T,Thupl.29377598s0001.1,Transcript,missense_variant,255,255,85,D/E,gaT/gaA,GO:0004869,GO,cysteine-type endopeptidase inhibitor activity
Thupl.29377650s0001,29377650_128675,29377650,G,Thupl.29377650s0001.1,Transcript,missense_variant,1929,1823,608,S/T,aGc/aCc,GO:0005524,GO,ATP binding
Thupl.29377650s0001,29377650_128675,29377650,G,Thupl.29377650s0001.1,Transcript,missense_variant,1929,1823,608,S/T,aGc/aCc,GO:0004672,GO,protein kinase activity
Thupl.29377650s0001,29377650_128675,29377650,G,Thupl.29377650s0001.1,Transcript,missense_variant,1929,1823,608,S/T,aGc/aCc,GO:0006468,GO,protein phosphorylation
Thupl.29377711s0001,29377711_295022,29377711,C,Thupl.29377711s0001.1,Transcript,intron_variant,NA,NA,NA,NA,NA,GO:0005525,GO,GTP binding
Thupl.29377721s0021,29377721_4569654,29377721,A,Thupl.29377721s0021.1,Transcript,3_prime_UTR_variant,1971,NA,NA,NA,NA,GO:0003676,GO,nucleic acid binding
Thupl.29377721s0021,29377721_4569654,29377721,A,Thupl.29377721s0021.1,Transcript,3_prime_UTR_variant,1971,NA,NA,NA,NA,GO:0008270,GO,zinc ion binding
Thupl.29377760s0021,29377760_3071269,29377760,A,Thupl.29377760s0021.1,Transcript,missense_variant,6220,5973,1991,R/S,agG/agT,GO:0006397,GO,mRNA processing
Thupl.29377760s0021,29377760_3071269,29377760,A,Thupl.29377760s0021.1,Transcript,missense_variant,6220,5973,1991,R/S,agG/agT,GO:0003676,GO,nucleic acid binding
Thupl.29377760s0021,29377760_3071269,29377760,A,Thupl.29377760s0021.1,Transcript,missense_variant,6220,5973,1991,R/S,agG/agT,GO:0005634,GO,nucleus
Thupl.29377959s0003,29377959_1398047,29377959,T,Thupl.29377959s0003.1,Transcript,missense_variant,1599,1412,471,G/V,gGa/gTa,GO:0006546,GO,glycine catabolic process
Thupl.29377959s0003,29377959_1398047,29377959,T,Thupl.29377959s0003.1,Transcript,missense_variant,1599,1412,471,G/V,gGa/gTa,GO:0004375,GO,glycine dehydrogenase (decarboxylating) activity
Thupl.29377959s0003,29377959_1398047,29377959,T,Thupl.29377959s0003.1,Transcript,missense_variant,1599,1412,471,G/V,gGa/gTa,GO:0055114,GO,oxidation-reduction process
Thupl.29378023s0006,29378023_1778439,29378023,T,Thupl.29378023s0006.1,Transcript,upstream_gene_variant,NA,NA,NA,NA,NA,GO:0045454,GO,cell redox homeostasis
Thupl.29378023s0006,29378023_1778439,29378023,T,Thupl.29378023s0006.1,Transcript,upstream_gene_variant,NA,NA,NA,NA,NA,GO:0009055,GO,electron carrier activity
Thupl.29378023s0006,29378023_1778439,29378023,T,Thupl.29378023s0006.1,Transcript,upstream_gene_variant,NA,NA,NA,NA,NA,GO:0015035,GO,protein disulfide oxidoreductase activity
Thupl.29378023s0008,29378023_2484002,29378023,A,Thupl.29378023s0008.1,Transcript,missense_variant,597,319,107,T/S,Acc/Tcc,GO:0006784,GO,heme a biosynthetic process
Thupl.29378023s0008,29378023_2484002,29378023,A,Thupl.29378023s0008.1,Transcript,missense_variant,597,319,107,T/S,Acc/Tcc,GO:0016021,GO,integral to membrane
Thupl.29378023s0008,29378023_2484002,29378023,A,Thupl.29378023s0008.1,Transcript,missense_variant,597,319,107,T/S,Acc/Tcc,GO:0016020,GO,membrane
Thupl.29378023s0008,29378023_2484002,29378023,A,Thupl.29378023s0008.1,Transcript,missense_variant,597,319,107,T/S,Acc/Tcc,GO:0055114,GO,oxidation-reduction process
Thupl.29378023s0008,29378023_2484002,29378023,A,Thupl.29378023s0008.1,Transcript,missense_variant,597,319,107,T/S,Acc/Tcc,GO:0016627,GO,"oxidoreductase activity, acting on the CH-CH group of donors"
Thupl.29378023s0014,29378023_3892554,29378023,A,Thupl.29378023s0014.1,Transcript,intron_variant,NA,NA,NA,NA,NA,GO:0005524,GO,ATP binding
Thupl.29378023s0014,29378023_3892554,29378023,A,Thupl.29378023s0014.1,Transcript,intron_variant,NA,NA,NA,NA,NA,GO:0004386,GO,helicase activity
Thupl.29378023s0014,29378023_3892554,29378023,A,Thupl.29378023s0014.1,Transcript,intron_variant,NA,NA,NA,NA,NA,GO:0003676,GO,nucleic acid binding
Thupl.29378117s0008,29378117_964974,29378117,A,Thupl.29378117s0008.1,Transcript,downstream_gene_variant,NA,NA,NA,NA,NA,GO:0020037,GO,heme binding
Thupl.29378117s0008,29378117_964974,29378117,A,Thupl.29378117s0008.1,Transcript,downstream_gene_variant,NA,NA,NA,NA,NA,GO:0005506,GO,iron ion binding
Thupl.29378117s0008,29378117_964974,29378117,A,Thupl.29378117s0008.1,Transcript,downstream_gene_variant,NA,NA,NA,NA,NA,GO:0055114,GO,oxidation-reduction process
Thupl.29378117s0008,29378117_964974,29378117,A,Thupl.29378117s0008.1,Transcript,downstream_gene_variant,NA,NA,NA,NA,NA,GO:0016705,GO,"oxidoreductase activity, acting on paired donors, with incorporation or reduction of molecular oxygen"
Thupl.29378131s0001,29378131_398672,29378131,A,Thupl.29378131s0001.1,Transcript,intron_variant,NA,NA,NA,NA,NA,GO:0003676,GO,nucleic acid binding
Thupl.29378131s0027,29378131_5439084,29378131,T,Thupl.29378131s0027.1,Transcript,intron_variant,NA,NA,NA,NA,NA,GO:0005524,GO,ATP binding
Thupl.29378131s0027,29378131_5439084,29378131,T,Thupl.29378131s0027.1,Transcript,intron_variant,NA,NA,NA,NA,NA,GO:0016887,GO,ATPase activity
Thupl.29378131s0027,29378131_5439084,29378131,T,Thupl.29378131s0027.1,Transcript,intron_variant,NA,NA,NA,NA,NA,GO:0042626,GO,"ATPase activity, coupled to transmembrane movement of substances"
Thupl.29378131s0027,29378131_5439084,29378131,T,Thupl.29378131s0027.1,Transcript,intron_variant,NA,NA,NA,NA,NA,GO:0016021,GO,integral to membrane
Thupl.29378131s0027,29378131_5439084,29378131,T,Thupl.29378131s0027.1,Transcript,intron_variant,NA,NA,NA,NA,NA,GO:0055085,GO,transmembrane transport
Thupl.29378131s0027,29378131_5439084,29378131,T,Thupl.29378131s0027.1,Transcript,intron_variant,NA,NA,NA,NA,NA,GO:0006810,GO,transport
Thupl.29378133s0001,29378133_44649,29378133,C,Thupl.29378133s0001.1,Transcript,synonymous_variant,2174,1335,445,T,acT/acC,GO:0004672,GO,protein kinase activity
Thupl.29378133s0001,29378133_44649,29378133,C,Thupl.29378133s0001.1,Transcript,synonymous_variant,2174,1335,445,T,acT/acC,GO:0006468,GO,protein phosphorylation
Thupl.29378133s0001,29378133_44649,29378133,C,Thupl.29378133s0001.1,Transcript,synonymous_variant,2174,1335,445,T,acT/acC,GO:0048544,GO,recognition of pollen
Thupl.29378176s0002,29378176_1711929,29378176,G,Thupl.29378176s0002.1,Transcript,missense_variant,1260,1119,373,S/R,agT/agG,GO:0005524,GO,ATP binding
Thupl.29378176s0002,29378176_1711929,29378176,G,Thupl.29378176s0002.1,Transcript,missense_variant,1260,1119,373,S/R,agT/agG,GO:0004672,GO,protein kinase activity
Thupl.29378176s0002,29378176_1711929,29378176,G,Thupl.29378176s0002.1,Transcript,missense_variant,1260,1119,373,S/R,agT/agG,GO:0006468,GO,protein phosphorylation
Thupl.29378176s0002,29378176_1711929,29378176,G,Thupl.29378176s0002.1,Transcript,missense_variant,1260,1119,373,S/R,agT/agG,GO:0048544,GO,recognition of pollen
Thupl.29378212s0007,29378212_3526467,29378212,C,Thupl.29378212s0007.1,Transcript,3_prime_UTR_variant,1386,NA,NA,NA,NA,GO:0006412,GO,translation
Thupl.29378215s0006,29378215_1503860,29378215,A,Thupl.29378215s0006.1,Transcript,synonymous_variant,153,153,51,P,ccA/ccT,GO:0020037,GO,heme binding
Thupl.29378215s0006,29378215_1503860,29378215,A,Thupl.29378215s0006.1,Transcript,synonymous_variant,153,153,51,P,ccA/ccT,GO:0005506,GO,iron ion binding
Thupl.29378215s0006,29378215_1503860,29378215,A,Thupl.29378215s0006.1,Transcript,synonymous_variant,153,153,51,P,ccA/ccT,GO:0055114,GO,oxidation-reduction process
Thupl.29378215s0006,29378215_1503860,29378215,A,Thupl.29378215s0006.1,Transcript,synonymous_variant,153,153,51,P,ccA/ccT,GO:0016705,GO,"oxidoreductase activity, acting on paired donors, with incorporation or reduction of molecular oxygen"
Thupl.29378215s0015,29378215_3771669,29378215,T,Thupl.29378215s0015.1,Transcript,3_prime_UTR_variant,2393,NA,NA,NA,NA,GO:0016757,GO,"transferase activity, transferring glycosyl groups"
Thupl.29378235s0003,29378235_544220,29378235,A,Thupl.29378235s0003.1,Transcript,missense_variant,2120,1616,539,R/L,cGt/cTt,GO:0003676,GO,nucleic acid binding
Thupl.29378235s0003,29378235_544220,29378235,A,Thupl.29378235s0003.1,Transcript,missense_variant,2120,1616,539,R/L,cGt/cTt,GO:0003723,GO,RNA binding
Thupl.29378313s0014,29378313_2564949,29378313,G,Thupl.29378313s0014.1,Transcript,missense_variant,611,92,31,N/S,aAc/aGc,GO:0008641,GO,small protein activating enzyme activity
Thupl.29378335s0001,29378335_128412,29378335,T,Thupl.29378335s0001.2,Transcript,3_prime_UTR_variant,1315,NA,NA,NA,NA,GO:0005515,GO,protein binding
Thupl.29378351s0005,29378351_2212393,29378351,C,Thupl.29378351s0005.1,Transcript,synonymous_variant,727,489,163,L,ctA/ctG,GO:0003677,GO,DNA binding
Thupl.29378351s0005,29378351_2212393,29378351,C,Thupl.29378351s0005.1,Transcript,synonymous_variant,727,489,163,L,ctA/ctG,GO:0003899,GO,DNA-directed RNA polymerase activity
Thupl.29378351s0005,29378351_2212393,29378351,C,Thupl.29378351s0005.1,Transcript,synonymous_variant,727,489,163,L,ctA/ctG,GO:0032549,GO,ribonucleoside binding
Thupl.29378351s0005,29378351_2212393,29378351,C,Thupl.29378351s0005.1,Transcript,synonymous_variant,727,489,163,L,ctA/ctG,GO:0006351,GO,"transcription, DNA-dependent"
Thupl.29378378s0002,29378378_403593,29378378,C,Thupl.29378378s0002.2,Transcript,3_prime_UTR_variant,1324,NA,NA,NA,NA,GO:0055085,GO,transmembrane transport
Thupl.29378410s0002,29378410_700402,29378410,C,Thupl.29378410s0002.1,Transcript,3_prime_UTR_variant,1684,NA,NA,NA,NA,GO:0005515,GO,protein binding
Thupl.29378410s0010,29378410_3043935,29378410,T,Thupl.29378410s0010.1,Transcript,missense_variant,528,60,20,K/N,aaG/aaT,GO:0008152,GO,metabolic process
Thupl.29378410s0010,29378410_3043935,29378410,T,Thupl.29378410s0010.1,Transcript,missense_variant,528,60,20,K/N,aaG/aaT,GO:0008168,GO,methyltransferase activity
Thupl.29378444s0010,29378444_1383860,29378444,A,Thupl.29378444s0010.1,Transcript,3_prime_UTR_variant,1714,NA,NA,NA,NA,GO:0020037,GO,heme binding
Thupl.29378444s0010,29378444_1383860,29378444,A,Thupl.29378444s0010.1,Transcript,3_prime_UTR_variant,1714,NA,NA,NA,NA,GO:0005506,GO,iron ion binding
Thupl.29378444s0010,29378444_1383860,29378444,A,Thupl.29378444s0010.1,Transcript,3_prime_UTR_variant,1714,NA,NA,NA,NA,GO:0055114,GO,oxidation-reduction process
Thupl.29378444s0010,29378444_1383860,29378444,A,Thupl.29378444s0010.1,Transcript,3_prime_UTR_variant,1714,NA,NA,NA,NA,GO:0016705,GO,"oxidoreductase activity, acting on paired donors, with incorporation or reduction of molecular oxygen"
Thupl.29378460s0006,29378460_972422,29378460,A,Thupl.29378460s0006.1,Transcript,missense_variant,342,200,67,G/D,gGc/gAc,GO:0003824,GO,catalytic activity
Thupl.29378460s0006,29378460_972422,29378460,A,Thupl.29378460s0006.1,Transcript,missense_variant,342,200,67,G/D,gGc/gAc,GO:0008152,GO,metabolic process
Thupl.29378478s0008,29378478_1029421,29378478,A,Thupl.29378478s0008.1,Transcript,missense_variant,1489,1156,386,H/Y,Cat/Tat,GO:0005737,GO,cytoplasm
Thupl.29378478s0008,29378478_1029421,29378478,A,Thupl.29378478s0008.1,Transcript,missense_variant,1489,1156,386,H/Y,Cat/Tat,GO:0008734,GO,L-aspartate oxidase activity
Thupl.29378478s0008,29378478_1029421,29378478,A,Thupl.29378478s0008.1,Transcript,missense_variant,1489,1156,386,H/Y,Cat/Tat,GO:0009435,GO,NAD biosynthetic process
Thupl.29378478s0008,29378478_1029421,29378478,A,Thupl.29378478s0008.1,Transcript,missense_variant,1489,1156,386,H/Y,Cat/Tat,GO:0055114,GO,oxidation-reduction process
Thupl.29378478s0008,29378478_1029421,29378478,A,Thupl.29378478s0008.1,Transcript,missense_variant,1489,1156,386,H/Y,Cat/Tat,GO:0016491,GO,oxidoreductase activity
Thupl.29378621s0015,29378621_2923615,29378621,T,Thupl.29378621s0015.1,Transcript,synonymous_variant,2941,2085,695,G,ggA/ggT,GO:0003779,GO,actin binding
Thupl.29378621s0015,29378621_2923615,29378621,T,Thupl.29378621s0015.1,Transcript,synonymous_variant,2941,2085,695,G,ggA/ggT,GO:0051015,GO,actin filament binding
Thupl.29378621s0015,29378621_2923615,29378621,T,Thupl.29378621s0015.1,Transcript,synonymous_variant,2941,2085,695,G,ggA/ggT,GO:0051017,GO,actin filament bundle assembly
Thupl.29378621s0015,29378621_2923615,29378621,T,Thupl.29378621s0015.1,Transcript,synonymous_variant,2941,2085,695,G,ggA/ggT,GO:0007010,GO,cytoskeleton organization
Thupl.29378699s0008,29378699_1632027,29378699,G,Thupl.29378699s0008.1,Transcript,missense_variant,1955,1399,467,N/D,Aat/Gat,GO:0005524,GO,ATP binding
Thupl.29378699s0008,29378699_1632027,29378699,G,Thupl.29378699s0008.1,Transcript,missense_variant,1955,1399,467,N/D,Aat/Gat,GO:0004672,GO,protein kinase activity
Thupl.29378699s0008,29378699_1632027,29378699,G,Thupl.29378699s0008.1,Transcript,missense_variant,1955,1399,467,N/D,Aat/Gat,GO:0006468,GO,protein phosphorylation
Thupl.29378866s0005,29378866_881523,29378866,G,Thupl.29378866s0005.1,Transcript,missense_variant,986,572,191,L/P,cTa/cCa,GO:0005515,GO,protein binding
Thupl.29378876s0011,29378876_3289111,29378876,T,Thupl.29378876s0011.1,Transcript,downstream_gene_variant,NA,NA,NA,NA,NA,GO:0006355,GO,"regulation of transcription, DNA-dependent"
Thupl.29378876s0011,29378876_3289111,29378876,T,Thupl.29378876s0011.1,Transcript,downstream_gene_variant,NA,NA,NA,NA,NA,GO:0043565,GO,sequence-specific DNA binding
Thupl.29378876s0011,29378876_3289111,29378876,T,Thupl.29378876s0011.1,Transcript,downstream_gene_variant,NA,NA,NA,NA,NA,GO:0003700,GO,sequence-specific DNA binding transcription factor activity
Thupl.29378876s0011,29378876_3289111,29378876,T,Thupl.29378876s0011.1,Transcript,downstream_gene_variant,NA,NA,NA,NA,NA,GO:0008270,GO,zinc ion binding
Thupl.29378896s0033,29378896_7816989,29378896,T,Thupl.29378896s0033.1,Transcript,missense_variant,697,554,185,W/L,tGg/tTg,GO:0016615,GO,malate dehydrogenase activity
Thupl.29378896s0033,29378896_7816989,29378896,T,Thupl.29378896s0033.1,Transcript,missense_variant,697,554,185,W/L,tGg/tTg,GO:0006108,GO,malate metabolic process
Thupl.29378896s0033,29378896_7816989,29378896,T,Thupl.29378896s0033.1,Transcript,missense_variant,697,554,185,W/L,tGg/tTg,GO:0055114,GO,oxidation-reduction process
Thupl.29378896s0033,29378896_7816989,29378896,T,Thupl.29378896s0033.1,Transcript,missense_variant,697,554,185,W/L,tGg/tTg,GO:0016491,GO,oxidoreductase activity
Thupl.29378896s0033,29378896_7816989,29378896,T,Thupl.29378896s0033.1,Transcript,missense_variant,697,554,185,W/L,tGg/tTg,GO:0016616,GO,"oxidoreductase activity, acting on the CH-OH group of donors, NAD or NADP as acceptor"
Thupl.29378936s0008,29378936_568686,29378936,A,Thupl.29378936s0008.1,Transcript,downstream_gene_variant,NA,NA,NA,NA,NA,GO:0006355,GO,"regulation of transcription, DNA-dependent"
Thupl.29378936s0008,29378936_568686,29378936,A,Thupl.29378936s0008.1,Transcript,downstream_gene_variant,NA,NA,NA,NA,NA,GO:0003700,GO,sequence-specific DNA binding transcription factor activity
Thupl.29378940s0014,29378940_2685570,29378940,G,Thupl.29378940s0014.1,Transcript,missense_variant,1292,1032,344,C/W,tgC/tgG,GO:0016020,GO,membrane
Thupl.29378940s0014,29378940_2685570,29378940,G,Thupl.29378940s0014.1,Transcript,missense_variant,1292,1032,344,C/W,tgC/tgG,GO:0008654,GO,phospholipid biosynthetic process
Thupl.29378940s0014,29378940_2685570,29378940,G,Thupl.29378940s0014.1,Transcript,missense_variant,1292,1032,344,C/W,tgC/tgG,GO:0016780,GO,"phosphotransferase activity, for other substituted phosphate groups"
Thupl.29379017s0009,29379017_3128013,29379017,T,Thupl.29379017s0009.1,Transcript,missense_variant,1735,1568,523,A/V,gCc/gTc,GO:0016021,GO,integral to membrane
Thupl.29379024s0001,29379024_510278,29379024,A,Thupl.29379024s0001.1,Transcript,5_prime_UTR_variant,151,NA,NA,NA,NA,GO:0016573,GO,histone acetylation
Thupl.29379024s0001,29379024_510278,29379024,A,Thupl.29379024s0001.1,Transcript,5_prime_UTR_variant,151,NA,NA,NA,NA,GO:0004402,GO,histone acetyltransferase activity
Thupl.29379024s0001,29379024_510278,29379024,A,Thupl.29379024s0001.1,Transcript,5_prime_UTR_variant,151,NA,NA,NA,NA,GO:0006355,GO,"regulation of transcription, DNA-dependent"
Thupl.29379024s0008,29379024_3779667,29379024,G,Thupl.29379024s0008.1,Transcript,intron_variant,NA,NA,NA,NA,NA,GO:0016627,GO,"oxidoreductase activity, acting on the CH-CH group of donors"
Thupl.29379095s0011,29379095_850634,29379095,G,Thupl.29379095s0011.1,Transcript,missense_variant,353,260,87,D/G,gAt/gGt,GO:0055114,GO,oxidation-reduction process
Thupl.29379095s0011,29379095_850634,29379095,G,Thupl.29379095s0011.1,Transcript,missense_variant,353,260,87,D/G,gAt/gGt,GO:0016491,GO,oxidoreductase activity
Thupl.29379132s0014,29379132_1907782,29379132,C,Thupl.29379132s0014.1,Transcript,missense_variant,1350,1166,389,V/G,gTa/gGa,GO:0071949,GO,FAD binding
Thupl.29379342s0005,29379342_834475,29379342,A,Thupl.29379342s0005.1,Transcript,missense_variant,539,240,80,F/L,ttC/ttA,GO:0003899,GO,DNA-directed RNA polymerase activity
Thupl.29379342s0005,29379342_834475,29379342,A,Thupl.29379342s0005.1,Transcript,missense_variant,539,240,80,F/L,ttC/ttA,GO:0003676,GO,nucleic acid binding
Thupl.29379417s0002,29379417_827162,29379417,A,Thupl.29379417s0002.1,Transcript,stop_retained_variant,736,504,168,*,taG/taA,GO:0005840,GO,ribosome
Thupl.29379417s0002,29379417_827162,29379417,A,Thupl.29379417s0002.1,Transcript,stop_retained_variant,736,504,168,*,taG/taA,GO:0003735,GO,structural constituent of ribosome
Thupl.29379417s0002,29379417_827162,29379417,A,Thupl.29379417s0002.1,Transcript,stop_retained_variant,736,504,168,*,taG/taA,GO:0006412,GO,translation
Thupl.29379479s0006,29379479_1068112,29379479,T,Thupl.29379479s0006.1,Transcript,intron_variant,NA,NA,NA,NA,NA,GO:0005525,GO,GTP binding
Thupl.29379507s0001,29379507_97264,29379507,C,Thupl.29379507s0001.1,Transcript,missense_variant,1756,1729,577,D/H,Gac/Cac,GO:0005524,GO,ATP binding
Thupl.29379507s0001,29379507_97264,29379507,C,Thupl.29379507s0001.1,Transcript,missense_variant,1756,1729,577,D/H,Gac/Cac,GO:0030247,GO,polysaccharide binding
Thupl.29379507s0001,29379507_97264,29379507,C,Thupl.29379507s0001.1,Transcript,missense_variant,1756,1729,577,D/H,Gac/Cac,GO:0004672,GO,protein kinase activity
Thupl.29379507s0001,29379507_97264,29379507,C,Thupl.29379507s0001.1,Transcript,missense_variant,1756,1729,577,D/H,Gac/Cac,GO:0006468,GO,protein phosphorylation
Thupl.29379616s0004,29379616_426647,29379616,G,Thupl.29379616s0004.1,Transcript,intron_variant,NA,NA,NA,NA,NA,GO:0005515,GO,protein binding
Thupl.29379723s0004,29379723_960896,29379723,C,Thupl.29379723s0004.1,Transcript,intron_variant,NA,NA,NA,NA,NA,GO:0055114,GO,oxidation-reduction process
Thupl.29379747s0001,29379747_164532,29379747,T,Thupl.29379747s0001.1,Transcript,missense_variant,1715,1607,536,P/L,cCa/cTa,GO:0016161,GO,beta-amylase activity
Thupl.29379747s0001,29379747_164532,29379747,T,Thupl.29379747s0001.1,Transcript,missense_variant,1715,1607,536,P/L,cCa/cTa,GO:0000272,GO,polysaccharide catabolic process
Thupl.29379751s0004,29379751_544434,29379751,T,Thupl.29379751s0004.1,Transcript,synonymous_variant,917,885,295,H,caC/caT,GO:0055114,GO,oxidation-reduction process
Thupl.29379751s0004,29379751_544434,29379751,T,Thupl.29379751s0004.1,Transcript,synonymous_variant,917,885,295,H,caC/caT,GO:0016491,GO,oxidoreductase activity
Thupl.29379775s0003,29379775_597720,29379775,A,Thupl.29379775s0003.1,Transcript,3_prime_UTR_variant,1682,NA,NA,NA,NA,GO:0004587,GO,ornithine-oxo-acid transaminase activity
Thupl.29379775s0003,29379775_597720,29379775,A,Thupl.29379775s0003.1,Transcript,3_prime_UTR_variant,1682,NA,NA,NA,NA,GO:0030170,GO,pyridoxal phosphate binding
Thupl.29379775s0003,29379775_597720,29379775,A,Thupl.29379775s0003.1,Transcript,3_prime_UTR_variant,1682,NA,NA,NA,NA,GO:0008483,GO,transaminase activity
Thupl.29379907s0004,29379907_477285,29379907,T,Thupl.29379907s0004.1,Transcript,intron_variant,NA,NA,NA,NA,NA,GO:0006075,GO,(1->3)-beta-D-glucan biosynthetic process
Thupl.29379907s0004,29379907_477285,29379907,T,Thupl.29379907s0004.1,Transcript,intron_variant,NA,NA,NA,NA,NA,GO:0003843,GO,"1,3-beta-D-glucan synthase activity"
Thupl.29379907s0004,29379907_477285,29379907,T,Thupl.29379907s0004.1,Transcript,intron_variant,NA,NA,NA,NA,NA,GO:0000148,GO,"1,3-beta-D-glucan synthase complex"
Thupl.29379907s0004,29379907_477285,29379907,T,Thupl.29379907s0004.1,Transcript,intron_variant,NA,NA,NA,NA,NA,GO:0016020,GO,membrane
Thupl.29379948s0014,29379948_4403412,29379948,T,Thupl.29379948s0014.1,Transcript,synonymous_variant,1175,258,86,G,ggC/ggT,GO:0008375,GO,acetylglucosaminyltransferase activity
Thupl.29379948s0014,29379948_4403412,29379948,T,Thupl.29379948s0014.1,Transcript,synonymous_variant,1175,258,86,G,ggC/ggT,GO:0016020,GO,membrane
Thupl.29379968s0004,29379968_771638,29379968,A,Thupl.29379968s0004.1,Transcript,3_prime_UTR_variant,1679,NA,NA,NA,NA,GO:0003899,GO,DNA-directed RNA polymerase activity
Thupl.29379968s0004,29379968_771638,29379968,A,Thupl.29379968s0004.1,Transcript,3_prime_UTR_variant,1679,NA,NA,NA,NA,GO:0006383,GO,transcription from RNA polymerase III promoter
Thupl.29379975s0001,29379975_244453,29379975,A,Thupl.29379975s0001.1,Transcript,synonymous_variant,194,66,22,L,ctC/ctA,GO:0008237,GO,metallopeptidase activity
Thupl.29379975s0001,29379975_244453,29379975,A,Thupl.29379975s0001.1,Transcript,synonymous_variant,194,66,22,L,ctC/ctA,GO:0006508,GO,proteolysis
Thupl.29379975s0001,29379975_244453,29379975,A,Thupl.29379975s0001.1,Transcript,synonymous_variant,194,66,22,L,ctC/ctA,GO:0008270,GO,zinc ion binding
Thupl.29380021s0011,29380021_1439400,29380021,G,Thupl.29380021s0011.1,Transcript,synonymous_variant,545,207,69,D,gaT/gaC,GO:0005783,GO,endoplasmic reticulum
Thupl.29380021s0011,29380021_1439400,29380021,G,Thupl.29380021s0011.1,Transcript,synonymous_variant,545,207,69,D,gaT/gaC,GO:0048193,GO,Golgi vesicle transport
Thupl.29380043s0001,29380043_103793,29380043,A,Thupl.29380043s0001.1,Transcript,intron_variant,NA,NA,NA,NA,NA,GO:0000462,GO,"maturation of SSU-rRNA from tricistronic rRNA transcript (SSU-rRNA, 5.8S rRNA, LSU-rRNA)"
Thupl.29380043s0001,29380043_103793,29380043,A,Thupl.29380043s0001.1,Transcript,intron_variant,NA,NA,NA,NA,NA,GO:0030515,GO,snoRNA binding
Thupl.29380114s0004,29380114_452453,29380114,T,Thupl.29380114s0004.1,Transcript,downstream_gene_variant,NA,NA,NA,NA,NA,GO:0005524,GO,ATP binding
Thupl.29380114s0004,29380114_452453,29380114,T,Thupl.29380114s0004.1,Transcript,downstream_gene_variant,NA,NA,NA,NA,NA,GO:0004672,GO,protein kinase activity
Thupl.29380114s0004,29380114_452453,29380114,T,Thupl.29380114s0004.1,Transcript,downstream_gene_variant,NA,NA,NA,NA,NA,GO:0006468,GO,protein phosphorylation
Thupl.29380115s0007,29380115_575744,29380115,A,Thupl.29380115s0007.1,Transcript,downstream_gene_variant,NA,NA,NA,NA,NA,GO:0009055,GO,electron carrier activity
Thupl.29380121s0017,29380121_3316568,29380121,T,Thupl.29380121s0017.1,Transcript,missense_variant,986,421,141,V/I,Gtt/Att,GO:0003924,GO,GTPase activity
Thupl.29380121s0017,29380121_3316568,29380121,T,Thupl.29380121s0017.1,Transcript,missense_variant,986,421,141,V/I,Gtt/Att,GO:0005874,GO,microtubule
Thupl.29380121s0017,29380121_3316568,29380121,T,Thupl.29380121s0017.1,Transcript,missense_variant,986,421,141,V/I,Gtt/Att,GO:0007017,GO,microtubule-based process
Thupl.29380183s0003,29380183_624355,29380183,T,Thupl.29380183s0003.1,Transcript,missense_variant,2058,1569,523,S/R,agC/agA,GO:0009678,GO,hydrogen-translocating pyrophosphatase activity
Thupl.29380183s0003,29380183_624355,29380183,T,Thupl.29380183s0003.1,Transcript,missense_variant,2058,1569,523,S/R,agC/agA,GO:0004427,GO,inorganic diphosphatase activity
Thupl.29380183s0003,29380183_624355,29380183,T,Thupl.29380183s0003.1,Transcript,missense_variant,2058,1569,523,S/R,agC/agA,GO:0016020,GO,membrane
Thupl.29380183s0003,29380183_624355,29380183,T,Thupl.29380183s0003.1,Transcript,missense_variant,2058,1569,523,S/R,agC/agA,GO:0015992,GO,proton transport
Thupl.29380212s0010,29380212_3511053,29380212,A,Thupl.29380212s0010.1,Transcript,synonymous_variant,682,372,124,A,gcC/gcA,GO:0043531,GO,ADP binding
Thupl.29380212s0010,29380212_3511053,29380212,A,Thupl.29380212s0010.1,Transcript,synonymous_variant,682,372,124,A,gcC/gcA,GO:0005515,GO,protein binding
Thupl.29380212s0010,29380212_3511053,29380212,A,Thupl.29380212s0010.1,Transcript,synonymous_variant,682,372,124,A,gcC/gcA,GO:0007165,GO,signal transduction
Thupl.29380247s0020,29380247_4845589,29380247,T,Thupl.29380247s0020.1,Transcript,missense_variant,5388,5041,1681,V/I,Gtt/Att,GO:0005524,GO,ATP binding
Thupl.29380247s0020,29380247_4845589,29380247,T,Thupl.29380247s0020.1,Transcript,missense_variant,5388,5041,1681,V/I,Gtt/Att,GO:0003676,GO,nucleic acid binding
Thupl.29380313s0001,29380313_393020,29380313,A,Thupl.29380313s0001.1,Transcript,upstream_gene_variant,NA,NA,NA,NA,NA,GO:0016787,GO,hydrolase activity
Thupl.29380313s0001,29380313_393020,29380313,A,Thupl.29380313s0001.1,Transcript,upstream_gene_variant,NA,NA,NA,NA,NA,GO:0004452,GO,isopentenyl-diphosphate delta-isomerase activity
Thupl.29380313s0001,29380313_393020,29380313,A,Thupl.29380313s0001.1,Transcript,upstream_gene_variant,NA,NA,NA,NA,NA,GO:0008299,GO,isoprenoid biosynthetic process
Thupl.29380412s0003,29380412_1051169,29380412,T,Thupl.29380412s0003.1,Transcript,missense_variant,1005,964,322,L/F,Ctc/Ttc,GO:0003993,GO,acid phosphatase activity
Thupl.29380412s0003,29380412_1051169,29380412,T,Thupl.29380412s0003.1,Transcript,missense_variant,1005,964,322,L/F,Ctc/Ttc,GO:0016787,GO,hydrolase activity
Thupl.29380412s0003,29380412_1051169,29380412,T,Thupl.29380412s0003.1,Transcript,missense_variant,1005,964,322,L/F,Ctc/Ttc,GO:0046872,GO,metal ion binding
Thupl.29380468s0017,29380468_3330058,29380468,G,Thupl.29380468s0017.1,Transcript,missense_variant,823,617,206,Y/S,tAc/tCc,GO:0005737,GO,cytoplasm
Thupl.29380468s0017,29380468_3330058,29380468,G,Thupl.29380468s0017.1,Transcript,missense_variant,823,617,206,Y/S,tAc/tCc,GO:0005852,GO,eukaryotic translation initiation factor 3 complex
Thupl.29380468s0017,29380468_3330058,29380468,G,Thupl.29380468s0017.1,Transcript,missense_variant,823,617,206,Y/S,tAc/tCc,GO:0005515,GO,protein binding
Thupl.29380468s0017,29380468_3330058,29380468,G,Thupl.29380468s0017.1,Transcript,missense_variant,823,617,206,Y/S,tAc/tCc,GO:0003743,GO,translation initiation factor activity
Thupl.29380533s0007,29380533_1368305,29380533,A,Thupl.29380533s0007.1,Transcript,upstream_gene_variant,NA,NA,NA,NA,NA,GO:0020037,GO,heme binding
Thupl.29380533s0007,29380533_1368305,29380533,A,Thupl.29380533s0007.1,Transcript,upstream_gene_variant,NA,NA,NA,NA,NA,GO:0005506,GO,iron ion binding
Thupl.29380533s0007,29380533_1368305,29380533,A,Thupl.29380533s0007.1,Transcript,upstream_gene_variant,NA,NA,NA,NA,NA,GO:0055114,GO,oxidation-reduction process
Thupl.29380533s0007,29380533_1368305,29380533,A,Thupl.29380533s0007.1,Transcript,upstream_gene_variant,NA,NA,NA,NA,NA,GO:0016705,GO,"oxidoreductase activity, acting on paired donors, with incorporation or reduction of molecular oxygen"
Thupl.29380684s0004,29380684_520364,29380684,G,Thupl.29380684s0004.1,Transcript,synonymous_variant,2737,2661,887,L,ttA/ttG,GO:0004386,GO,helicase activity
Thupl.29380712s0019,29380712_2837338,29380712,A,Thupl.29380712s0019.1,Transcript,missense_variant,1141,629,210,A/V,gCc/gTc,GO:0005515,GO,protein binding
Thupl.29380748s0004,29380748_943153,29380748,A,Thupl.29380748s0004.1,Transcript,stop_retained_variant,2862,1898,633,*,tGa/tAa,GO:0005524,GO,ATP binding
Thupl.29380748s0004,29380748_943153,29380748,A,Thupl.29380748s0004.1,Transcript,stop_retained_variant,2862,1898,633,*,tGa/tAa,GO:0030247,GO,polysaccharide binding
Thupl.29380748s0004,29380748_943153,29380748,A,Thupl.29380748s0004.1,Transcript,stop_retained_variant,2862,1898,633,*,tGa/tAa,GO:0004672,GO,protein kinase activity
Thupl.29380748s0004,29380748_943153,29380748,A,Thupl.29380748s0004.1,Transcript,stop_retained_variant,2862,1898,633,*,tGa/tAa,GO:0006468,GO,protein phosphorylation
Thupl.29380793s0007,29380793_440683,29380793,A,Thupl.29380793s0007.1,Transcript,3_prime_UTR_variant,2022,NA,NA,NA,NA,GO:0016021,GO,integral to membrane
Thupl.29380793s0007,29380793_440683,29380793,A,Thupl.29380793s0007.1,Transcript,3_prime_UTR_variant,2022,NA,NA,NA,NA,GO:0055085,GO,transmembrane transport
Thupl.29380793s0007,29380793_440683,29380793,A,Thupl.29380793s0007.1,Transcript,3_prime_UTR_variant,2022,NA,NA,NA,NA,GO:0022857,GO,transmembrane transporter activity
Thupl.29380838s0003,29380838_556262,29380838,A,Thupl.29380838s0003.1,Transcript,downstream_gene_variant,NA,NA,NA,NA,NA,GO:0005524,GO,ATP binding
Thupl.29380838s0003,29380838_556262,29380838,A,Thupl.29380838s0003.1,Transcript,downstream_gene_variant,NA,NA,NA,NA,NA,GO:0004672,GO,protein kinase activity
Thupl.29380838s0003,29380838_556262,29380838,A,Thupl.29380838s0003.1,Transcript,downstream_gene_variant,NA,NA,NA,NA,NA,GO:0006468,GO,protein phosphorylation
Thupl.29380857s0013,29380857_2989363,29380857,T,Thupl.29380857s0013.1,Transcript,missense_variant,412,320,107,A/V,gCt/gTt,GO:0003676,GO,nucleic acid binding
Thupl.29380891s0004,29380891_983844,29380891,A,Thupl.29380891s0004.1,Transcript,missense_variant,2215,1818,606,R/S,agA/agT,GO:0016579,GO,protein deubiquitination
Thupl.29380891s0004,29380891_983844,29380891,A,Thupl.29380891s0004.1,Transcript,missense_variant,2215,1818,606,R/S,agA/agT,GO:0004843,GO,thiol-dependent ubiquitinase
Thupl.29380894s0014,29380894_2116635,29380894,A,Thupl.29380894s0014.1,Transcript,missense_variant,1296,980,327,S/Y,tCt/tAt,GO:0016757,GO,"transferase activity, transferring glycosyl groups"
Thupl.29380937s0011,29380937_1749808,29380937,T,Thupl.29380937s0011.1,Transcript,intron_variant,NA,NA,NA,NA,NA,GO:0005622,GO,intracellular
Thupl.29380937s0011,29380937_1749808,29380937,T,Thupl.29380937s0011.1,Transcript,intron_variant,NA,NA,NA,NA,NA,GO:0005840,GO,ribosome
Thupl.29380937s0011,29380937_1749808,29380937,T,Thupl.29380937s0011.1,Transcript,intron_variant,NA,NA,NA,NA,NA,GO:0003735,GO,structural constituent of ribosome
Thupl.29380937s0011,29380937_1749808,29380937,T,Thupl.29380937s0011.1,Transcript,intron_variant,NA,NA,NA,NA,NA,GO:0006412,GO,translation
Thupl.29380947s0001,29380947_27879,29380947,G,Thupl.29380947s0001.1,Transcript,intron_variant,NA,NA,NA,NA,NA,GO:0005975,GO,carbohydrate metabolic process
Thupl.29380947s0001,29380947_27879,29380947,G,Thupl.29380947s0001.1,Transcript,intron_variant,NA,NA,NA,NA,NA,GO:0004553,GO,"hydrolase activity, hydrolyzing O-glycosyl compounds"
Thupl.29381073s0006,29381073_1142732,29381073,G,Thupl.29381073s0006.1,Transcript,stop_lost,1610,1435,479,*/Q,Tag/Cag,GO:0005524,GO,ATP binding
Thupl.29381073s0006,29381073_1142732,29381073,G,Thupl.29381073s0006.1,Transcript,stop_lost,1610,1435,479,*/Q,Tag/Cag,GO:0003676,GO,nucleic acid binding
Thupl.29381082s0015,29381082_1503220,29381082,G,Thupl.29381082s0015.1,Transcript,synonymous_variant,72,72,24,H,caT/caC,GO:0003676,GO,nucleic acid binding
Thupl.29381082s0035,29381082_4699408,29381082,G,Thupl.29381082s0035.1,Transcript,intron_variant,NA,NA,NA,NA,NA,GO:0045454,GO,cell redox homeostasis
Thupl.29381105s0008,29381105_611129,29381105,T,Thupl.29381105s0008.1,Transcript,missense_variant,4708,4535,1512,K/M,aAg/aTg,GO:0005524,GO,ATP binding
Thupl.29381105s0008,29381105_611129,29381105,T,Thupl.29381105s0008.1,Transcript,missense_variant,4708,4535,1512,K/M,aAg/aTg,GO:0016887,GO,ATPase activity
Thupl.29381105s0008,29381105_611129,29381105,T,Thupl.29381105s0008.1,Transcript,missense_variant,4708,4535,1512,K/M,aAg/aTg,GO:0042626,GO,"ATPase activity, coupled to transmembrane movement of substances"
Thupl.29381105s0008,29381105_611129,29381105,T,Thupl.29381105s0008.1,Transcript,missense_variant,4708,4535,1512,K/M,aAg/aTg,GO:0016021,GO,integral to membrane
Thupl.29381105s0008,29381105_611129,29381105,T,Thupl.29381105s0008.1,Transcript,missense_variant,4708,4535,1512,K/M,aAg/aTg,GO:0055085,GO,transmembrane transport
Thupl.29381105s0008,29381105_611129,29381105,T,Thupl.29381105s0008.1,Transcript,missense_variant,4708,4535,1512,K/M,aAg/aTg,GO:0006810,GO,transport
Thupl.29381166s0006,29381166_776135,29381166,C,Thupl.29381166s0006.1,Transcript,synonymous_variant,1543,1201,401,L,Tta/Cta,GO:0043531,GO,ADP binding
Thupl.29381170s0018,29381170_2344272,29381170,T,Thupl.29381170s0018.1,Transcript,3_prime_UTR_variant,1455,NA,NA,NA,NA,GO:0003993,GO,acid phosphatase activity
Thupl.29381170s0018,29381170_2344272,29381170,T,Thupl.29381170s0018.1,Transcript,3_prime_UTR_variant,1455,NA,NA,NA,NA,GO:0016787,GO,hydrolase activity
Thupl.29381170s0018,29381170_2344272,29381170,T,Thupl.29381170s0018.1,Transcript,3_prime_UTR_variant,1455,NA,NA,NA,NA,GO:0046872,GO,metal ion binding
Thupl.29381242s0001,29381242_36794,29381242,T,Thupl.29381242s0001.1,Transcript,downstream_gene_variant,NA,NA,NA,NA,NA,GO:0004857,GO,enzyme inhibitor activity
Thupl.29381242s0019,29381242_2543580,29381242,A,Thupl.29381242s0019.1,Transcript,stop_lost,1404,1023,341,*/C,tgA/tgT,GO:0005634,GO,nucleus
Thupl.29381242s0019,29381242_2543580,29381242,A,Thupl.29381242s0019.1,Transcript,stop_lost,1404,1023,341,*/C,tgA/tgT,GO:0006355,GO,"regulation of transcription, DNA-dependent"
Thupl.29381242s0019,29381242_2543580,29381242,A,Thupl.29381242s0019.1,Transcript,stop_lost,1404,1023,341,*/C,tgA/tgT,GO:0043565,GO,sequence-specific DNA binding
Thupl.29381242s0019,29381242_2543580,29381242,A,Thupl.29381242s0019.1,Transcript,stop_lost,1404,1023,341,*/C,tgA/tgT,GO:0003700,GO,sequence-specific DNA binding transcription factor activity
Thupl.29381301s0003,29381301_783228,29381301,T,Thupl.29381301s0003.1,Transcript,synonymous_variant,9,9,3,V,gtC/gtA,GO:0005515,GO,protein binding
Thupl.29381301s0003,29381301_783228,29381301,T,Thupl.29381301s0003.1,Transcript,synonymous_variant,9,9,3,V,gtC/gtA,GO:0003746,GO,translation elongation factor activity
Thupl.29381301s0003,29381301_783228,29381301,T,Thupl.29381301s0003.1,Transcript,synonymous_variant,9,9,3,V,gtC/gtA,GO:0006414,GO,translational elongation
Thupl.29381344s0012,29381344_1187802,29381344,C,Thupl.29381344s0012.1,Transcript,upstream_gene_variant,NA,NA,NA,NA,NA,GO:0020037,GO,heme binding
Thupl.29381344s0012,29381344_1187802,29381344,C,Thupl.29381344s0012.1,Transcript,upstream_gene_variant,NA,NA,NA,NA,NA,GO:0055114,GO,oxidation-reduction process
Thupl.29381344s0012,29381344_1187802,29381344,C,Thupl.29381344s0012.1,Transcript,upstream_gene_variant,NA,NA,NA,NA,NA,GO:0004601,GO,peroxidase activity
Thupl.29381344s0012,29381344_1187802,29381344,C,Thupl.29381344s0012.1,Transcript,upstream_gene_variant,NA,NA,NA,NA,NA,GO:0006979,GO,response to oxidative stress
Thupl.29381382s0006,29381382_2305517,29381382,G,Thupl.29381382s0006.1,Transcript,synonymous_variant,1091,957,319,F,ttT/ttC,GO:0003723,GO,RNA binding
Thupl.29381403s0019,29381403_2600517,29381403,T,Thupl.29381403s0019.1,Transcript,synonymous_variant,1217,774,258,F,ttC/ttT,GO:0016020,GO,membrane
Thupl.29381478s0006,29381478_1182510,29381478,T,Thupl.29381478s0006.1,Transcript,missense_variant,3235,2690,897,S/L,tCa/tTa,GO:0005524,GO,ATP binding
Thupl.29381478s0006,29381478_1182510,29381478,T,Thupl.29381478s0006.1,Transcript,missense_variant,3235,2690,897,S/L,tCa/tTa,GO:0016021,GO,integral to membrane
Thupl.29381478s0006,29381478_1182510,29381478,T,Thupl.29381478s0006.1,Transcript,missense_variant,3235,2690,897,S/L,tCa/tTa,GO:0000287,GO,magnesium ion binding
Thupl.29381478s0006,29381478_1182510,29381478,T,Thupl.29381478s0006.1,Transcript,missense_variant,3235,2690,897,S/L,tCa/tTa,GO:0015914,GO,phospholipid transport
Thupl.29381478s0006,29381478_1182510,29381478,T,Thupl.29381478s0006.1,Transcript,missense_variant,3235,2690,897,S/L,tCa/tTa,GO:0004012,GO,phospholipid-translocating ATPase activity
Thupl.29381491s0003,29381491_2229064,29381491,A,Thupl.29381491s0003.1,Transcript,upstream_gene_variant,NA,NA,NA,NA,NA,GO:0055085,GO,transmembrane transport
Thupl.29381500s0009,29381500_2652205,29381500,G,Thupl.29381500s0009.1,Transcript,synonymous_variant,2321,2196,732,A,gcG/gcC,GO:0005524,GO,ATP binding
Thupl.29381500s0009,29381500_2652205,29381500,G,Thupl.29381500s0009.1,Transcript,synonymous_variant,2321,2196,732,A,gcG/gcC,GO:0004672,GO,protein kinase activity
Thupl.29381500s0009,29381500_2652205,29381500,G,Thupl.29381500s0009.1,Transcript,synonymous_variant,2321,2196,732,A,gcG/gcC,GO:0006468,GO,protein phosphorylation
Thupl.29381500s0009,29381500_2652205,29381500,G,Thupl.29381500s0009.1,Transcript,synonymous_variant,2321,2196,732,A,gcG/gcC,GO:0048544,GO,recognition of pollen
Thupl.29381519s0004,29381519_1956939,29381519,T,Thupl.29381519s0004.1,Transcript,5_prime_UTR_variant,315,NA,NA,NA,NA,GO:0005524,GO,ATP binding
Thupl.29381519s0004,29381519_1956939,29381519,T,Thupl.29381519s0004.1,Transcript,5_prime_UTR_variant,315,NA,NA,NA,NA,GO:0004672,GO,protein kinase activity
Thupl.29381519s0004,29381519_1956939,29381519,T,Thupl.29381519s0004.1,Transcript,5_prime_UTR_variant,315,NA,NA,NA,NA,GO:0006468,GO,protein phosphorylation
Thupl.29381722s0026,29381722_2669964,29381722,T,Thupl.29381722s0026.1,Transcript,missense_variant,535,358,120,L/F,Ctt/Ttt,GO:0005524,GO,ATP binding
Thupl.29381738s0033,29381738_3162349,29381738,T,Thupl.29381738s0033.2,Transcript,3_prime_UTR_variant,1444,NA,NA,NA,NA,GO:0006508,GO,proteolysis
Thupl.29381738s0033,29381738_3162349,29381738,T,Thupl.29381738s0033.2,Transcript,3_prime_UTR_variant,1444,NA,NA,NA,NA,GO:0008236,GO,serine-type peptidase activity
Thupl.29381881s0012,29381881_2615778,29381881,G,Thupl.29381881s0012.1,Transcript,missense_variant,9434,9026,3009,E/G,gAg/gGg,GO:0008270,GO,zinc ion binding
Thupl.29381890s0009,29381890_2613945,29381890,C,Thupl.29381890s0009.1,Transcript,upstream_gene_variant,NA,NA,NA,NA,NA,GO:0004672,GO,protein kinase activity
Thupl.29381890s0009,29381890_2613945,29381890,C,Thupl.29381890s0009.1,Transcript,upstream_gene_variant,NA,NA,NA,NA,NA,GO:0006468,GO,protein phosphorylation
Thupl.29382035s0005,29382035_526300,29382035,A,Thupl.29382035s0005.1,Transcript,synonymous_variant,332,120,40,V,gtG/gtA,GO:0005622,GO,intracellular
Thupl.29382035s0005,29382035_526300,29382035,A,Thupl.29382035s0005.1,Transcript,synonymous_variant,332,120,40,V,gtG/gtA,GO:0005840,GO,ribosome
Thupl.29382035s0005,29382035_526300,29382035,A,Thupl.29382035s0005.1,Transcript,synonymous_variant,332,120,40,V,gtG/gtA,GO:0003735,GO,structural constituent of ribosome
Thupl.29382035s0005,29382035_526300,29382035,A,Thupl.29382035s0005.1,Transcript,synonymous_variant,332,120,40,V,gtG/gtA,GO:0006412,GO,translation
Thupl.29382040s0026,29382040_3558073,29382040,T,Thupl.29382040s0026.1,Transcript,synonymous_variant,209,165,55,S,tcC/tcT,GO:0046872,GO,metal ion binding
Thupl.29382040s0026,29382040_3558073,29382040,T,Thupl.29382040s0026.1,Transcript,synonymous_variant,209,165,55,S,tcC/tcT,GO:0030001,GO,metal ion transport
Thupl.29382040s0026,29382040_3558073,29382040,T,Thupl.29382040s0026.1,Transcript,synonymous_variant,209,165,55,S,tcC/tcT,GO:0006801,GO,superoxide metabolic process
Thupl.29382119s0003,29382119_1207442,29382119,A,Thupl.29382119s0003.1,Transcript,synonymous_variant,271,147,49,P,ccG/ccA,GO:0004812,GO,aminoacyl-tRNA ligase activity
Thupl.29382119s0003,29382119_1207442,29382119,A,Thupl.29382119s0003.1,Transcript,synonymous_variant,271,147,49,P,ccG/ccA,GO:0005524,GO,ATP binding
Thupl.29382119s0003,29382119_1207442,29382119,A,Thupl.29382119s0003.1,Transcript,synonymous_variant,271,147,49,P,ccG/ccA,GO:0005737,GO,cytoplasm
Thupl.29382119s0003,29382119_1207442,29382119,A,Thupl.29382119s0003.1,Transcript,synonymous_variant,271,147,49,P,ccG/ccA,GO:0000166,GO,nucleotide binding
Thupl.29382119s0003,29382119_1207442,29382119,A,Thupl.29382119s0003.1,Transcript,synonymous_variant,271,147,49,P,ccG/ccA,GO:0004828,GO,serine-tRNA ligase activity
Thupl.29382119s0003,29382119_1207442,29382119,A,Thupl.29382119s0003.1,Transcript,synonymous_variant,271,147,49,P,ccG/ccA,GO:0006434,GO,seryl-tRNA aminoacylation
Thupl.29382119s0003,29382119_1207442,29382119,A,Thupl.29382119s0003.1,Transcript,synonymous_variant,271,147,49,P,ccG/ccA,GO:0006418,GO,tRNA aminoacylation for protein translation
Thupl.29382152s0001,29382152_552450,29382152,C,Thupl.29382152s0001.1,Transcript,synonymous_variant,2763,780,260,N,aaT/aaC,GO:0043531,GO,ADP binding
Thupl.29382198s0004,29382198_238897,29382198,T,Thupl.29382198s0004.1,Transcript,synonymous_variant,81,36,12,S,tcA/tcT,GO:0003690,GO,double-stranded DNA binding
Thupl.29382198s0004,29382198_238897,29382198,T,Thupl.29382198s0004.1,Transcript,synonymous_variant,81,36,12,S,tcA/tcT,GO:0006355,GO,"regulation of transcription, DNA-dependent"
Thupl.29382280s0003,29382280_115356,29382280,A,Thupl.29382280s0003.1,Transcript,missense_variant,564,296,99,M/K,aTg/aAg,GO:0005622,GO,intracellular
Thupl.29382280s0003,29382280_115356,29382280,A,Thupl.29382280s0003.1,Transcript,missense_variant,564,296,99,M/K,aTg/aAg,GO:0005840,GO,ribosome
Thupl.29382280s0003,29382280_115356,29382280,A,Thupl.29382280s0003.1,Transcript,missense_variant,564,296,99,M/K,aTg/aAg,GO:0003735,GO,structural constituent of ribosome
Thupl.29382280s0003,29382280_115356,29382280,A,Thupl.29382280s0003.1,Transcript,missense_variant,564,296,99,M/K,aTg/aAg,GO:0006412,GO,translation
Thupl.29382280s0019,29382280_792477,29382280,A,Thupl.29382280s0019.1,Transcript,upstream_gene_variant,NA,NA,NA,NA,NA,GO:0006260,GO,DNA replication
Thupl.29382280s0019,29382280_792477,29382280,A,Thupl.29382280s0019.1,Transcript,upstream_gene_variant,NA,NA,NA,NA,NA,GO:0005634,GO,nucleus
Thupl.29382315s0003,29382315_391250,29382315,G,Thupl.29382315s0003.1,Transcript,upstream_gene_variant,NA,NA,NA,NA,NA,GO:0003690,GO,double-stranded DNA binding
Thupl.29382315s0003,29382315_391250,29382315,G,Thupl.29382315s0003.1,Transcript,upstream_gene_variant,NA,NA,NA,NA,NA,GO:0006355,GO,"regulation of transcription, DNA-dependent"
Thupl.29382359s0005,29382359_572682,29382359,G,Thupl.29382359s0005.1,Transcript,intron_variant,NA,NA,NA,NA,NA,GO:0005524,GO,ATP binding
Thupl.29382359s0005,29382359_572682,29382359,G,Thupl.29382359s0005.1,Transcript,intron_variant,NA,NA,NA,NA,NA,GO:0004672,GO,protein kinase activity
Thupl.29382359s0005,29382359_572682,29382359,G,Thupl.29382359s0005.1,Transcript,intron_variant,NA,NA,NA,NA,NA,GO:0006468,GO,protein phosphorylation
Thupl.29382378s0002,29382378_426449,29382378,G,Thupl.29382378s0002.1,Transcript,intron_variant,NA,NA,NA,NA,NA,GO:0005525,GO,GTP binding
Thupl.29382456s0021,29382456_3746380,29382456,G,Thupl.29382456s0021.1,Transcript,5_prime_UTR_variant,431,NA,NA,NA,NA,GO:0005515,GO,protein binding
Thupl.29382461s0001,29382461_3992,29382461,A,Thupl.29382461s0001.1,Transcript,intron_variant,NA,NA,NA,NA,NA,GO:0006508,GO,proteolysis
Thupl.29382461s0001,29382461_3992,29382461,A,Thupl.29382461s0001.1,Transcript,intron_variant,NA,NA,NA,NA,NA,GO:0004185,GO,serine-type carboxypeptidase activity
Thupl.29382473s0004,29382473_1209258,29382473,A,Thupl.29382473s0004.1,Transcript,missense_variant,2043,1931,644,Y/F,tAt/tTt,GO:0005524,GO,ATP binding
Thupl.29382473s0004,29382473_1209258,29382473,A,Thupl.29382473s0004.1,Transcript,missense_variant,2043,1931,644,Y/F,tAt/tTt,GO:0006457,GO,protein folding
Thupl.29382473s0004,29382473_1209258,29382473,A,Thupl.29382473s0004.1,Transcript,missense_variant,2043,1931,644,Y/F,tAt/tTt,GO:0006950,GO,response to stress
Thupl.29382473s0004,29382473_1209258,29382473,A,Thupl.29382473s0004.1,Transcript,missense_variant,2043,1931,644,Y/F,tAt/tTt,GO:0051082,GO,unfolded protein binding
Thupl.29382501s0003,29382501_464025,29382501,A,Thupl.29382501s0003.1,Transcript,3_prime_UTR_variant,4437,NA,NA,NA,NA,GO:0003676,GO,nucleic acid binding
